{"errors":[],"warnings":[],"namedChunkGroups":{"app":{"chunks":[6,0,2],"assets":["webpack-runtime-514e9c5bab3ea73e2873.js","webpack-runtime-514e9c5bab3ea73e2873.js.map","commons-d57f3969fefe66c9eb64.js","commons-d57f3969fefe66c9eb64.js.map","app-754a56f3f0912f54aef3.js","app-754a56f3f0912f54aef3.js.map"],"children":{},"childAssets":{}},"component---src-layouts-docs-layout-docs-layout-jsx":{"chunks":[1,0,3],"assets":["styles.9634635001b052bc281e.css","styles-b45ff547e78c02475168.js","styles-b45ff547e78c02475168.js.map","commons-d57f3969fefe66c9eb64.js","commons-d57f3969fefe66c9eb64.js.map","component---src-layouts-docs-layout-docs-layout-jsx-a1f5ca970b02477e3496.js","component---src-layouts-docs-layout-docs-layout-jsx-a1f5ca970b02477e3496.js.map"],"children":{},"childAssets":{}},"component---src-pages-dialog-js":{"chunks":[4],"assets":["component---src-pages-dialog-js-9211aa559f33e7806758.js","component---src-pages-dialog-js-9211aa559f33e7806758.js.map"],"children":{},"childAssets":{}},"component---src-pages-index-js":{"chunks":[1,0,5],"assets":["styles.9634635001b052bc281e.css","styles-b45ff547e78c02475168.js","styles-b45ff547e78c02475168.js.map","commons-d57f3969fefe66c9eb64.js","commons-d57f3969fefe66c9eb64.js.map","component---src-pages-index-js-2ae0253ceb6b37a2269b.js","component---src-pages-index-js-2ae0253ceb6b37a2269b.js.map"],"children":{},"childAssets":{}}},"assetsByChunkName":{"app":["webpack-runtime-514e9c5bab3ea73e2873.js","commons-d57f3969fefe66c9eb64.js","app-754a56f3f0912f54aef3.js"],"component---src-layouts-docs-layout-docs-layout-jsx":["styles.9634635001b052bc281e.css","styles-b45ff547e78c02475168.js","commons-d57f3969fefe66c9eb64.js","component---src-layouts-docs-layout-docs-layout-jsx-a1f5ca970b02477e3496.js"],"component---src-pages-dialog-js":["component---src-pages-dialog-js-9211aa559f33e7806758.js"],"component---src-pages-index-js":["styles.9634635001b052bc281e.css","styles-b45ff547e78c02475168.js","commons-d57f3969fefe66c9eb64.js","component---src-pages-index-js-2ae0253ceb6b37a2269b.js"]}}